номер,дата,заказчик,идентификатор заказчика,исполнитель,идентификатор исполнителя,услуга,"тестовая сумма, тенге","срок, дней",файл
SAMPLE-2026-000001,2027-02-23,ТОО «Тестовая компания 0001 (заказчик)»,TEST-BIN-000001,ТОО «Тестовая компания 0002 (исполнитель)»,TEST-BIN-000002,консультационные услуги по демонстрационному проекту,317000,5,SAMPLE-2026-000001.docx
SAMPLE-2026-000002,2026-11-20,ТОО «Тестовая компания 0003 (заказчик)»,TEST-BIN-000003,ТОО «Тестовая компания 0004 (исполнитель)»,TEST-BIN-000004,настройка тестового программного обеспечения,427000,20,SAMPLE-2026-000002.docx
SAMPLE-2026-000003,2027-08-29,ТОО «Тестовая компания 0005 (заказчик)»,TEST-BIN-000005,ТОО «Тестовая компания 0006 (исполнитель)»,TEST-BIN-000006,разработка демонстрационного сайта,126000,15,SAMPLE-2026-000003.docx
SAMPLE-2026-000004,2027-04-30,ТОО «Тестовая компания 0007 (заказчик)»,TEST-BIN-000007,ТОО «Тестовая компания 0008 (исполнитель)»,TEST-BIN-000008,настройка тестового программного обеспечения,127000,5,SAMPLE-2026-000004.docx
SAMPLE-2026-000005,2027-01-24,ТОО «Тестовая компания 0009 (заказчик)»,TEST-BIN-000009,ТОО «Тестовая компания 0010 (исполнитель)»,TEST-BIN-000010,техническое обслуживание тестового оборудования,444000,30,SAMPLE-2026-000005.docx
SAMPLE-2026-000006,2027-10-04,ТОО «Тестовая компания 0011 (заказчик)»,TEST-BIN-000011,ТОО «Тестовая компания 0012 (исполнитель)»,TEST-BIN-000012,подготовка учебных материалов,316000,20,SAMPLE-2026-000006.docx
SAMPLE-2026-000007,2027-08-20,ТОО «Тестовая компания 0013 (заказчик)»,TEST-BIN-000013,ТОО «Тестовая компания 0014 (исполнитель)»,TEST-BIN-000014,подготовка учебных материалов,182000,5,SAMPLE-2026-000007.docx
SAMPLE-2026-000008,2027-08-13,ТОО «Тестовая компания 0015 (заказчик)»,TEST-BIN-000015,ТОО «Тестовая компания 0016 (исполнитель)»,TEST-BIN-000016,разработка демонстрационного сайта,78000,20,SAMPLE-2026-000008.docx
SAMPLE-2026-000009,2026-11-10,ТОО «Тестовая компания 0017 (заказчик)»,TEST-BIN-000017,ТОО «Тестовая компания 0018 (исполнитель)»,TEST-BIN-000018,разработка демонстрационного сайта,141000,5,SAMPLE-2026-000009.docx
SAMPLE-2026-000010,2027-07-24,ТОО «Тестовая компания 0019 (заказчик)»,TEST-BIN-000019,ТОО «Тестовая компания 0020 (исполнитель)»,TEST-BIN-000020,техническое обслуживание тестового оборудования,202000,10,SAMPLE-2026-000010.docx
